{
  "ate_rmse_m": 0.188732,
  "rpe_trans_rmse_m": 0.042565,
  "rpe_rot_rmse_deg": 0.237368
}
