{
  "ate_rmse_m": 0.353662,
  "rpe_trans_rmse_m": 0.094482,
  "rpe_rot_rmse_deg": 0.268001
}
