{
  "ate_rmse_m": 0.079973,
  "rpe_trans_rmse_m": 0.032763,
  "rpe_rot_rmse_deg": 0.225416
}
