{
  "ate_rmse_m": 0.088672,
  "rpe_trans_rmse_m": 0.030492,
  "rpe_rot_rmse_deg": 0.237766
}
