{
  "ate_rmse_m": 0.100477,
  "rpe_trans_rmse_m": 0.003801,
  "rpe_rot_rmse_deg": 0.047589
}
