{
  "ate_rmse_m": 0.073369,
  "rpe_trans_rmse_m": 0.002520,
  "rpe_rot_rmse_deg": 0.040947
}
