{
  "ate_rmse_m": 0.095484,
  "rpe_trans_rmse_m": 0.003577,
  "rpe_rot_rmse_deg": 0.042328
}
