{
  "ate_rmse_m": 0.107259,
  "rpe_trans_rmse_m": 0.004381,
  "rpe_rot_rmse_deg": 0.018141
}
