{
  "ate_rmse_m": 0.117957,
  "rpe_trans_rmse_m": 0.033253,
  "rpe_rot_rmse_deg": 0.260834
}
