{
  "ate_rmse_m": 0.11138,
  "rpe_trans_rmse_m": 0.046137,
  "rpe_rot_rmse_deg": 0.174455
}
