{
  "ate_rmse_m": 831.507723,
  "rpe_trans_rmse_m": 1.944413,
  "rpe_rot_rmse_deg": 0.072117
}
