{
  "ate_rmse_m": 2.064969,
  "rpe_trans_rmse_m": 0.194584,
  "rpe_rot_rmse_deg": 0.343487
}
