{
  "ate_rmse_m": 0.100281,
  "rpe_trans_rmse_m": 0.029226,
  "rpe_rot_rmse_deg": 0.229276
}
